<?xml version = '1.0' encoding="UTF-8"?>
<!DOCTYPE toc PUBLIC "-//Sun Microsystems Inc.//DTD JavaHelp TOC Version 2.0//EN" "http://java.sun.com/products/javahelp/toc_2_0.dtd">
<toc xml:lang="it" version="2.0" categoryclosedimage="chapter" topicimage="topic">
  <tocitem text="Estensione Coherence" target="intro">
    <tocitem text="Come..." target="blank">
    
  <tocitem text="Cluster Coherence" target="blank">
    <tocitem text="Configurare e distribuire i livelli di distribuzione Coherence" target="coherence.ConfigureCoherenceClusterTiers"/>

    <tocitem text="Configurare e distribuire Coherence in un cluster con server singolo" target="coherence.ConfigureCoherenceSingleServer"/>

    <tocitem text="Creare i cluster Coherence" target="coherence.CreateCoherenceClusters"/>

    <tocitem text="Importare una configurazione cluster personalizzata" target="coherence.ImportExternalConfiguration"/>

    <tocitem text="Configurare i cluster Coherence" target="coherence.ConfigureCoherenceClusters"/>

    <tocitem text="Rimuovere una configurazione cluster personalizzata" target="coherence.RemoveExternalConfigurations"/>

    <tocitem text="Configurare le destinazioni per i cluster Coherence" target="coherence.TargetCoherenceClusters"/>

    <tocitem text="Creare configurazioni cache del cluster" target="coherence.CreateClusterCacheConfigurations"/>

    <tocitem text="Configurare i provider di indirizzi" target="coherence.ConfigureAddressProviders"/>

    <tocitem text="Configurare gli indirizzi noti" target="coherence.ConfigureWellKnownAddresses"/>

    <tocitem text="Configurare la funzione di log Coherence" target="coherence.ConfigureCoherenceLogging"/>

    <tocitem text="Eliminare i cluster Coherence" target="coherence.DeleteCoherenceClusters"/>

    <tocitem text="Proteggere le configurazioni di servizio Coherence" target="coherence.SecureCoherenceService"/>

    <tocitem text="Proteggere le cache Coherence" target="coherence.SecureCoherenceCache"/>

    <tocitem text="Configurare gli archivi GAR (Grid Archive) Coherence" target="coherence.ConfigureCoherenceArchive"/>
    
    <tocitem text="Configurare la federazione" target="coherence.ConfigureFederation"/>
    
    <tocitem text="Configurare la persistenza" target="coherence.ConfigurePersistence"/>
  </tocitem>

  <tocitem text="Server Coherence" target="blank">
    <tocitem text="Crea server Coherence" target="coherence.CreateCoherenceServers"/>

    <tocitem text="Duplica server Coherence" target="coherence.CloneCoherenceServers"/>

    <tocitem text="Elimina server Coherence" target="coherence.DeleteCoherenceServers"/>

    <tocitem text="Configura server Coherence" target="coherence.ConfigureCoherenceServers"/>

    <tocitem text="Configura argomenti di avvio per i server Coherence" target="coherence.ConfigureStartupArgumentsForCoherenceServers"/>

    <tocitem text="Avvia server Coherence dalla console di amministrazione" target="coherence.StartCoherenceServers"/>

    <tocitem text="Chiudi server Coherence" target="coherence.ShutdownCoherenceServers"/>
  </tocitem>

  </tocitem>

    <tocitem text="Riferimenti Coherence" target="blank">
      
  <tocitem text="Cluster Coherence" target="blank">
    <tocitem text="Cluster Coherence: Configurazione: Generale" target="Coherenceconfigcoherenceclustergeneraltitle"/>

    <tocitem text="Cluster Coherence: Configurazione: Federazione" target="Coherencefederationtitle"/>

    <tocitem text="Cluster Coherence: Configurazione: Persistenza" target="Coherenceconfigcoherenceclusterpersistencetitle"/>

    <tocitem text="Cluster Coherence: Configurazione: Configurazioni cache" target="Coherencecoherencecacheconfigstitle"/>

    <tocitem text="Configurazione cache: Configurazione" target="Coherencecacheconfigconfigurationtitle"/>

    <tocitem text="Configurazione cache: Destinazioni" target="Coherencecacheconfigtargetstitle"/>

    <tocitem text="Creare una configurazione cache" target="Coherencecoherencecreatecacheconfigtitle"/>

    <tocitem text="Eliminare una configurazione cache" target="Coherencecoherencedeletecacheconfigtitle"/>

    <tocitem text="Cache Coherence" target="CoherenceCachestitle"/>

    <tocitem text="Proteggere una configurazione cache Coherence" target="CoherenceCacheCreatetitle"/>

    <tocitem text="Eliminare le configurazioni cache Coherence" target="CoherenceCacheDeletetitle"/>

    <tocitem text="Cluster Coherence: Cache Coherence: Ruoli di sicurezza" target="CoherenceCacheRolestitle"/>

    <tocitem text="Modificare le condizioni di un ruolo con ambito della cache Coherence" target="CoherenceCacheRoleEdittitle"/>

    <tocitem text="Creare un ruolo con ambito per la cache Coherence" target="CoherenceCacheRoleCreatetitle"/>

    <tocitem text="Eliminare i ruoli con ambito della cache Coherence" target="CoherenceCacheRoleDeletetitle"/>

    <tocitem text="Cluster Coherence: Cache Coherence: Criteri di sicurezza" target="CoherenceCachePoliciestitle"/>

    <tocitem text="Creare una configurazione cluster Coherence" target="Coherencecoherencecreatecoherenceclustertitle"/>

    <tocitem text="Creare un indirizzo noto" target="Coherencecoherencecreatecoherenceclusterwellknownaddresstitle"/>

    <tocitem text="Cluster Coherence: Configurazione: Indirizzo noto" target="Coherenceconfigcoherenceclusterwellknownaddresstitle"/>

    <tocitem text="Cluster Coherence: Configurazione: Indirizzi noti" target="Coherenceconfigcoherenceclusterwellknownaddressestitle"/>

    <tocitem text="Eliminare un indirizzo noto" target="Coherencecoherencedeletecoherenceclusterwellknownaddresstitle"/>

    <tocitem text="Creare un provider di indirizzi" target="Coherencecoherencecreatecoherenceaddressprovidertitle"/>

    <tocitem text="Cluster Coherence: Configurazione: Indirizzo provider di indirizzi" target="Coherenceconfigaddressprovidertitle"/>

    <tocitem text="Cluster Coherence: Configurazione: Provider di indirizzi" target="Coherenceconfigcoherenceaddressproviderstitle"/>

    <tocitem text="Eliminare un provider di indirizzi" target="Coherencecoherencedeletecoherenceaddressprovidertitle"/>

    <tocitem text="Cluster Coherence: Configurazione: Log" target="Coherenceconfigcoherenceclusterloggingtitle"/>

    <tocitem text="Cluster Coherence: Membri" target="Coherenceconfigcoherenceclustertargetstitle"/>

    <tocitem text="Creare un indirizzo socket" target="Coherencecoherencecreatecoherencesocketaddresstitle"/>

    <tocitem text="Cluster Coherence: Configurazione: Indirizzo socket" target="Coherenceconfigsocketaddresstitle"/>

    <tocitem text="Eliminare un indirizzo socket" target="Coherencecoherencedeletecoherencesocketaddresstitle"/>

    <tocitem text="Cluster Coherence: Sicurezza: Generale" target="CoherenceClusterSecurityGeneraltitle"/>

    <tocitem text="Servizi Coherence" target="CoherenceServicestitle"/>

    <tocitem text="Creare una configurazione di servizio Coherence" target="CoherenceServiceCreatetitle"/>

    <tocitem text="Eliminare le configurazioni dei servizi Coherence" target="CoherenceServiceDeletetitle"/>

    <tocitem text="Cluster Coherence: Servizio Coherence: Ruoli di sicurezza" target="CoherenceServiceRolestitle"/>

    <tocitem text="Modificare le condizioni di un ruolo con ambito del servizio Coherence" target="CoherenceServiceRoleEdittitle"/>

    <tocitem text="Creare un ruolo con ambito per il servizio Coherence" target="CoherenceServiceRoleCreatetitle"/>

    <tocitem text="Eliminare i ruoli con ambito del servizio Coherence" target="CoherenceServiceRoleDeletetitle"/>

    <tocitem text="Cluster Coherence: Servizio Coherence: Criteri di sicurezza" target="CoherenceServicePoliciestitle"/>

    <tocitem text="Eliminare un cluster Coherence" target="Coherencecoherencedeletecoherenceclustertitle"/>

    <tocitem text="Cluster Coherence" target="Coherenceglobalclusterstabletitle"/>

    <tocitem text="Cluster Coherence: Note" target="Coherenceconfigcoherenceclusternotestitle"/>
  </tocitem>

  <tocitem text="Server Coherence" target="blank">
    <tocitem text="Server Coherence: Configurazione: Generale" target="Coherenceserverconfiggeneraltitle"/>

    <tocitem text="Server Coherence: Configurazione: Valore iniziale server" target="Coherenceserverconfigstartuptitle"/>

    <tocitem text="Server Coherence: Controllo" target="Coherenceservercontrolstartstoptitle"/>

    <tocitem text="Server Coherence: Note" target="Coherenceserverconfignotestitle"/>

    <tocitem text="Avvio di un server Coherence gestito" target="Coherenceservercontroltitle"/>

    <tocitem text="Crea configurazione server Coherence" target="Coherenceservercreatetitle"/>

    <tocitem text="Elimina server Coherence" target="Coherenceserverdeletetitle"/>

    <tocitem text="Server Coherence: Configura" target="Coherenceserversconfigtabletitle"/>

    <tocitem text="Server Coherence: Controllo" target="Coherenceserverscontroltabletitle"/>

    <tocitem text="Avvia server Coherence" target="Coherenceserverscontroltitle"/>
  </tocitem>

  <tocitem text="Archivi Coherence" target="blank">
    <tocitem text="Archivio Coherence: Panoramica" target="Coherencecoherencegaroverviewtitle"/>

    <tocitem text="Archivio Coherence: Configurazione" target="Coherencecoherencegarconfigurationtitle"/>

    <tocitem text="Archivio Coherence: Destinazioni" target="Coherencecoherencegartargetstitle"/>

    <tocitem text="Archivio Coherence: Controllo" target="Coherencecoherencegarcontroltitle"/>

    <tocitem text="Archivio Coherence: Note" target="Coherencecoherencegarnotestitle"/>
  </tocitem>

  <tocitem text="Server: Configurazione: Coherence" target="Coherencewlsserverconfigtitle"/>

  <tocitem text="Cluster: Configurazione: Coherence" target="Coherencewlsclusterconfigtitle"/>

  </tocitem>
  </tocitem>
</toc>
