<?xml version = '1.0' encoding="UTF-8"?>
<!DOCTYPE toc PUBLIC "-//Sun Microsystems Inc.//DTD JavaHelp TOC Version 2.0//EN" "http://java.sun.com/products/javahelp/toc_2_0.dtd">
<toc xml:lang="de" version="2.0" categoryclosedimage="chapter" topicimage="topic">
  <tocitem text="Coherence-Erweiterung" target="intro">
    <tocitem text="Wie kann man?" target="blank">
    
  <tocitem text="Coherence-Cluster" target="blank">
    <tocitem text="Coherence Deployment Tiers konfigurieren und bereitstellen" target="coherence.ConfigureCoherenceClusterTiers"/>

    <tocitem text="Coherence auf einem Single-Server-Cluster konfigurieren und bereitstellen" target="coherence.ConfigureCoherenceSingleServer"/>

    <tocitem text="Coherence-Cluster erstellen" target="coherence.CreateCoherenceClusters"/>

    <tocitem text="Benutzerdefinierte Clusterkonfiguration importieren" target="coherence.ImportExternalConfiguration"/>

    <tocitem text="Coherence-Cluster konfigurieren" target="coherence.ConfigureCoherenceClusters"/>

    <tocitem text="Benutzerdefinierte Clusterkonfiguration entfernen" target="coherence.RemoveExternalConfigurations"/>

    <tocitem text="Ziel-Coherence-Cluster" target="coherence.TargetCoherenceClusters"/>

    <tocitem text="Clustercachekonfigurationen erstellen" target="coherence.CreateClusterCacheConfigurations"/>

    <tocitem text="Adressenprovider konfigurieren" target="coherence.ConfigureAddressProviders"/>

    <tocitem text="Well Known-Adressen konfigurieren" target="coherence.ConfigureWellKnownAddresses"/>

    <tocitem text="Coherence Logging konfigurieren" target="coherence.ConfigureCoherenceLogging"/>

    <tocitem text="Coherence-Cluster löschen" target="coherence.DeleteCoherenceClusters"/>

    <tocitem text="Coherence-Servicekonfigurationen sichern" target="coherence.SecureCoherenceService"/>

    <tocitem text="Coherence-Caches sichern" target="coherence.SecureCoherenceCache"/>

    <tocitem text="Coherence Grid-Archive (GARs) konfigurieren" target="coherence.ConfigureCoherenceArchive"/>
    
    <tocitem text="Federation konfigurieren" target="coherence.ConfigureFederation"/>
    
    <tocitem text="Persistenz konfigurieren" target="coherence.ConfigurePersistence"/>
  </tocitem>

  <tocitem text="Coherence-Server" target="blank">
    <tocitem text="Coherence-Server erstellen" target="coherence.CreateCoherenceServers"/>

    <tocitem text="Coherence-Server clonen" target="coherence.CloneCoherenceServers"/>

    <tocitem text="Coherence-Server löschen" target="coherence.DeleteCoherenceServers"/>

    <tocitem text="Coherence-Server konfigurieren" target="coherence.ConfigureCoherenceServers"/>

    <tocitem text="Startargumente für Coherence-Server konfigurieren" target="coherence.ConfigureStartupArgumentsForCoherenceServers"/>

    <tocitem text="Coherence-Server über die Administrationskonsole starten" target="coherence.StartCoherenceServers"/>

    <tocitem text="Coherence-Server herunterfahren" target="coherence.ShutdownCoherenceServers"/>
  </tocitem>

  </tocitem>

    <tocitem text="Coherence-Referenz" target="blank">
      
  <tocitem text="Coherence-Cluster" target="blank">
    <tocitem text="Coherence-Cluster: Konfiguration: Allgemein" target="Coherenceconfigcoherenceclustergeneraltitle"/>

    <tocitem text="Coherence-Cluster: Konfiguration: Federation" target="Coherencefederationtitle"/>

    <tocitem text="Coherence-Cluster: Konfiguration: Persistenz" target="Coherenceconfigcoherenceclusterpersistencetitle"/>

    <tocitem text="Coherence-Cluster: Konfiguration: Cachekonfigurationen" target="Coherencecoherencecacheconfigstitle"/>

    <tocitem text="Cachekonfiguration: Konfiguration" target="Coherencecacheconfigconfigurationtitle"/>

    <tocitem text="Cachekonfiguration: Ziele" target="Coherencecacheconfigtargetstitle"/>

    <tocitem text="Cachekonfiguration erstellen" target="Coherencecoherencecreatecacheconfigtitle"/>

    <tocitem text="Cachekonfiguration löschen" target="Coherencecoherencedeletecacheconfigtitle"/>

    <tocitem text="Coherence-Caches" target="CoherenceCachestitle"/>

    <tocitem text="Coherence-Cachekonfiguration sichern" target="CoherenceCacheCreatetitle"/>

    <tocitem text="Coherence-Cachekonfigurationen löschen" target="CoherenceCacheDeletetitle"/>

    <tocitem text="Coherence-Cluster: Coherence-Cache: Sicherheitsrollen" target="CoherenceCacheRolestitle"/>

    <tocitem text="Bedingungen der Geltungsbereichsrolle für den Coherence-Cache bearbeiten" target="CoherenceCacheRoleEdittitle"/>

    <tocitem text="Geltungsbereichsrolle für einen Coherence-Cache erstellen" target="CoherenceCacheRoleCreatetitle"/>

    <tocitem text="Geltungsbereichsrollen von Coherence-Cache löschen" target="CoherenceCacheRoleDeletetitle"/>

    <tocitem text="Coherence-Cluster: Coherence-Cache: Sicherheits-Policys" target="CoherenceCachePoliciestitle"/>

    <tocitem text="Coherence-Clusterkonfiguration erstellen" target="Coherencecoherencecreatecoherenceclustertitle"/>

    <tocitem text="Well Known-Adresse erstellen" target="Coherencecoherencecreatecoherenceclusterwellknownaddresstitle"/>

    <tocitem text="Coherence-Cluster: Konfiguration: Well Known-Adresse" target="Coherenceconfigcoherenceclusterwellknownaddresstitle"/>

    <tocitem text="Coherence-Cluster: Konfiguration: Well Known-Adressen" target="Coherenceconfigcoherenceclusterwellknownaddressestitle"/>

    <tocitem text="Well Known-Adresse löschen" target="Coherencecoherencedeletecoherenceclusterwellknownaddresstitle"/>

    <tocitem text="Adressenprovider erstellen" target="Coherencecoherencecreatecoherenceaddressprovidertitle"/>

    <tocitem text="Coherence-Cluster: Konfiguration: Adressenprovider-Adresse" target="Coherenceconfigaddressprovidertitle"/>

    <tocitem text="Coherence-Cluster: Konfiguration: Adressenprovider" target="Coherenceconfigcoherenceaddressproviderstitle"/>

    <tocitem text="Adressenprovider löschen" target="Coherencecoherencedeletecoherenceaddressprovidertitle"/>

    <tocitem text="Coherence-Cluster: Konfiguration: Logging" target="Coherenceconfigcoherenceclusterloggingtitle"/>

    <tocitem text="Coherence-Cluster: Member" target="Coherenceconfigcoherenceclustertargetstitle"/>

    <tocitem text="Socket-Adresse erstellen" target="Coherencecoherencecreatecoherencesocketaddresstitle"/>

    <tocitem text="Coherence-Cluster: Konfiguration: Socket-Adresse" target="Coherenceconfigsocketaddresstitle"/>

    <tocitem text="Socket-Adresse löschen" target="Coherencecoherencedeletecoherencesocketaddresstitle"/>

    <tocitem text="Coherence-Cluster: Sicherheit: Allgemein" target="CoherenceClusterSecurityGeneraltitle"/>

    <tocitem text="Coherence-Services" target="CoherenceServicestitle"/>

    <tocitem text="Coherence-Servicekonfiguration erstellen" target="CoherenceServiceCreatetitle"/>

    <tocitem text="Coherence-Servicekonfigurationen löschen" target="CoherenceServiceDeletetitle"/>

    <tocitem text="Coherence-Cluster: Coherence-Service: Sicherheitsrollen" target="CoherenceServiceRolestitle"/>

    <tocitem text="Bedingungen der Geltungsbereichsrolle für den Coherence-Service bearbeiten" target="CoherenceServiceRoleEdittitle"/>

    <tocitem text="Geltungsbereichsrolle für einen Coherence-Service erstellen" target="CoherenceServiceRoleCreatetitle"/>

    <tocitem text="Geltungsbereichsrollen von Coherence-Service löschen" target="CoherenceServiceRoleDeletetitle"/>

    <tocitem text="Coherence-Cluster: Coherence-Service: Sicherheits-Policys" target="CoherenceServicePoliciestitle"/>

    <tocitem text="Coherence-Cluster löschen" target="Coherencecoherencedeletecoherenceclustertitle"/>

    <tocitem text="Coherence-Cluster" target="Coherenceglobalclusterstabletitle"/>

    <tocitem text="Coherence-Cluster: Hinweise" target="Coherenceconfigcoherenceclusternotestitle"/>
  </tocitem>

  <tocitem text="Coherence-Server" target="blank">
    <tocitem text="Coherence-Server: Konfiguration: Allgemein" target="Coherenceserverconfiggeneraltitle"/>

    <tocitem text="Coherence-Server: Konfiguration: Serverstart" target="Coherenceserverconfigstartuptitle"/>

    <tocitem text="Coherence-Server: Steuerung" target="Coherenceservercontrolstartstoptitle"/>

    <tocitem text="Coherence-Server: Hinweise" target="Coherenceserverconfignotestitle"/>

    <tocitem text="Verwalteten Coherence-Server starten" target="Coherenceservercontroltitle"/>

    <tocitem text="Coherence-Serverkonfiguration erstellen" target="Coherenceservercreatetitle"/>

    <tocitem text="Coherence-Server löschen" target="Coherenceserverdeletetitle"/>

    <tocitem text="Coherence-Server: Konfigurieren" target="Coherenceserversconfigtabletitle"/>

    <tocitem text="Coherence-Server: Steuerung" target="Coherenceserverscontroltabletitle"/>

    <tocitem text="Coherence-Server starten" target="Coherenceserverscontroltitle"/>
  </tocitem>

  <tocitem text="Coherence-Archive" target="blank">
    <tocitem text="Coherence-Archiv: Überblick" target="Coherencecoherencegaroverviewtitle"/>

    <tocitem text="Coherence-Archiv: Konfiguration" target="Coherencecoherencegarconfigurationtitle"/>

    <tocitem text="Coherence-Archiv: Ziele" target="Coherencecoherencegartargetstitle"/>

    <tocitem text="Coherence-Archiv: Steuerung" target="Coherencecoherencegarcontroltitle"/>

    <tocitem text="Coherence-Archiv: Hinweise" target="Coherencecoherencegarnotestitle"/>
  </tocitem>

  <tocitem text="Server: Konfiguration: Coherence" target="Coherencewlsserverconfigtitle"/>

  <tocitem text="Cluster: Konfiguration: Coherence" target="Coherencewlsclusterconfigtitle"/>

  </tocitem>
  </tocitem>
</toc>
