<?xml version = '1.0' encoding="UTF-8"?>
<!DOCTYPE toc PUBLIC "-//Sun Microsystems Inc.//DTD JavaHelp TOC Version 2.0//EN" "http://java.sun.com/products/javahelp/toc_2_0.dtd">
<toc xml:lang="es" version="2.0" categoryclosedimage="chapter" topicimage="topic">
  <tocitem text="Extensión de Coherence" target="intro">
    <tocitem text="Para..." target="blank">
    
  <tocitem text="Clusters de Coherencia" target="blank">
    <tocitem text="Configuración y Despliegue de Niveles de Despliegue de Coherence" target="coherence.ConfigureCoherenceClusterTiers"/>

    <tocitem text="Configuración y Despliegue de Coherence en un Cluster de Servidor Único" target="coherence.ConfigureCoherenceSingleServer"/>

    <tocitem text="Creación de Clusters de Coherencia" target="coherence.CreateCoherenceClusters"/>

    <tocitem text="Importación de Configuración de un Cluster Personalizado" target="coherence.ImportExternalConfiguration"/>

    <tocitem text="Configuración de Clusters de Coherencia" target="coherence.ConfigureCoherenceClusters"/>

    <tocitem text="Eliminación de una Configuración de Cluster Personalizado" target="coherence.RemoveExternalConfigurations"/>

    <tocitem text="Clusters de Coherencia de Destino" target="coherence.TargetCoherenceClusters"/>

    <tocitem text="Creación de Configuraciones de Caché de Cluster" target="coherence.CreateClusterCacheConfigurations"/>

    <tocitem text="Configurar Proveedores de Dirección" target="coherence.ConfigureAddressProviders"/>

    <tocitem text="Configuración de Direcciones Conocidas" target="coherence.ConfigureWellKnownAddresses"/>

    <tocitem text="Configuración de Registro de Coherencia" target="coherence.ConfigureCoherenceLogging"/>

    <tocitem text="Supresión de Clusters de Coherencia" target="coherence.DeleteCoherenceClusters"/>

    <tocitem text="Proteger Configuraciones de Servicio de Coherence" target="coherence.SecureCoherenceService"/>

    <tocitem text="Proteger Cachés de Coherence" target="coherence.SecureCoherenceCache"/>

    <tocitem text="Configurar Archivos de Cuadrícula (GAR) de Coherence" target="coherence.ConfigureCoherenceArchive"/>
    
    <tocitem text="Configurar Federación" target="coherence.ConfigureFederation"/>
    
    <tocitem text="Configurar Persistencia" target="coherence.ConfigurePersistence"/>
  </tocitem>

  <tocitem text="Servidores de Coherence" target="blank">
    <tocitem text="Creación de Servidores de Coherence" target="coherence.CreateCoherenceServers"/>

    <tocitem text="Clonación de Servidores de Coherence" target="coherence.CloneCoherenceServers"/>

    <tocitem text="Suprimir Servidores de Coherence" target="coherence.DeleteCoherenceServers"/>

    <tocitem text="Configuración Servidores de Coherence" target="coherence.ConfigureCoherenceServers"/>

    <tocitem text="Configuración de Argumentos de Inicio en Servidores de Coherence" target="coherence.ConfigureStartupArgumentsForCoherenceServers"/>

    <tocitem text="Iniciar Servidores de Coherence desde la Consola de Administración" target="coherence.StartCoherenceServers"/>

    <tocitem text="Cerrar Servidores de Coherence" target="coherence.ShutdownCoherenceServers"/>
  </tocitem>

  </tocitem>

    <tocitem text="Referencia de Coherence" target="blank">
      
  <tocitem text="Clusters de Coherencia" target="blank">
    <tocitem text="Cluster de Coherencia: Configuración: General" target="Coherenceconfigcoherenceclustergeneraltitle"/>

    <tocitem text="Cluster de Coherence: Configuración: Federación" target="Coherencefederationtitle"/>

    <tocitem text="Cluster de Coherence: Configuración - Persistencia" target="Coherenceconfigcoherenceclusterpersistencetitle"/>

    <tocitem text="Cluster de Coherence: Configuración: Configuraciones de Caché" target="Coherencecoherencecacheconfigstitle"/>

    <tocitem text="Configuración de Caché: Configuración" target="Coherencecacheconfigconfigurationtitle"/>

    <tocitem text="Configuración de Caché: Destinos" target="Coherencecacheconfigtargetstitle"/>

    <tocitem text="Crear una Configuración de Caché" target="Coherencecoherencecreatecacheconfigtitle"/>

    <tocitem text="Suprimir una Configuración de Caché" target="Coherencecoherencedeletecacheconfigtitle"/>

    <tocitem text="Cachés de Coherence" target="CoherenceCachestitle"/>

    <tocitem text="Proteger una Configuración de Caché de Coherence" target="CoherenceCacheCreatetitle"/>

    <tocitem text="Suprimir Configuraciones de Caché de Coherence" target="CoherenceCacheDeletetitle"/>

    <tocitem text="Cluster de Coherence: Caché de Coherence: Roles de Seguridad" target="CoherenceCacheRolestitle"/>

    <tocitem text="Editar Condiciones de Rol de Ámbito de Caché de Coherence" target="CoherenceCacheRoleEdittitle"/>

    <tocitem text="Crear un Rol de Ámbito de Caché de Coherence" target="CoherenceCacheRoleCreatetitle"/>

    <tocitem text="Suprimir Roles de Ámbito de Caché de Coherence" target="CoherenceCacheRoleDeletetitle"/>

    <tocitem text="Cluster de Coherence: Caché de Coherence: Políticas de Seguridad" target="CoherenceCachePoliciestitle"/>

    <tocitem text="Creación de una Configuración de Cluster de Coherencia" target="Coherencecoherencecreatecoherenceclustertitle"/>

    <tocitem text="Creación de una Dirección Conocida" target="Coherencecoherencecreatecoherenceclusterwellknownaddresstitle"/>

    <tocitem text="Cluster de Coherencia: Configuración: Dirección Conocida" target="Coherenceconfigcoherenceclusterwellknownaddresstitle"/>

    <tocitem text="Cluster de Coherencia: Configuración: Direcciones Conocidas" target="Coherenceconfigcoherenceclusterwellknownaddressestitle"/>

    <tocitem text="Supresión de una Dirección Conocida" target="Coherencecoherencedeletecoherenceclusterwellknownaddresstitle"/>

    <tocitem text="Crear una Dirección de Proveedor" target="Coherencecoherencecreatecoherenceaddressprovidertitle"/>

    <tocitem text="Cluster de Coherence: Configuración: Dirección de Proveedor de Direcciones" target="Coherenceconfigaddressprovidertitle"/>

    <tocitem text="Cluster de Coherence: Configuración: Proveedores de Direcciones" target="Coherenceconfigcoherenceaddressproviderstitle"/>

    <tocitem text="Suprimir una Dirección de Proveedor" target="Coherencecoherencedeletecoherenceaddressprovidertitle"/>

    <tocitem text="Cluster de Coherencia: Configuración: Registro" target="Coherenceconfigcoherenceclusterloggingtitle"/>

    <tocitem text="Cluster de Coherence: Miembros" target="Coherenceconfigcoherenceclustertargetstitle"/>

    <tocitem text="Creación de una Dirección de Socket" target="Coherencecoherencecreatecoherencesocketaddresstitle"/>

    <tocitem text="Cluster de Coherence: Configuración - Dirección de Socket" target="Coherenceconfigsocketaddresstitle"/>

    <tocitem text="Supresión de una Dirección de Socket" target="Coherencecoherencedeletecoherencesocketaddresstitle"/>

    <tocitem text="Cluster de Coherence: Seguridad: General" target="CoherenceClusterSecurityGeneraltitle"/>

    <tocitem text="Servicios de Coherence" target="CoherenceServicestitle"/>

    <tocitem text="Crear una Configuración de Servicio de Coherence" target="CoherenceServiceCreatetitle"/>

    <tocitem text="Suprimir Configuraciones de Servicio de Coherence" target="CoherenceServiceDeletetitle"/>

    <tocitem text="Cluster de Coherence: Servicio de Coherence: Roles de Seguridad" target="CoherenceServiceRolestitle"/>

    <tocitem text="Editar Condiciones de Rol de Ámbito de Servicio de Coherence" target="CoherenceServiceRoleEdittitle"/>

    <tocitem text="Crear un Rol de Ámbito de Servicio de Coherence" target="CoherenceServiceRoleCreatetitle"/>

    <tocitem text="Suprimir Roles de Ámbito de Servicio de Coherence" target="CoherenceServiceRoleDeletetitle"/>

    <tocitem text="Cluster de Coherence: Servicio de Coherence: Políticas de Seguridad" target="CoherenceServicePoliciestitle"/>

    <tocitem text="Supresión de un Cluster de Coherencia" target="Coherencecoherencedeletecoherenceclustertitle"/>

    <tocitem text="Clusters de Coherencia" target="Coherenceglobalclusterstabletitle"/>

    <tocitem text="Cluster de Coherencia: Notas" target="Coherenceconfigcoherenceclusternotestitle"/>
  </tocitem>

  <tocitem text="Servidores de Coherence" target="blank">
    <tocitem text="Servidor de Coherence: Configuración: General" target="Coherenceserverconfiggeneraltitle"/>

    <tocitem text="Servidor de Coherence: Configuración: Inicio del Servidor" target="Coherenceserverconfigstartuptitle"/>

    <tocitem text="Servidor de Coherence: Control" target="Coherenceservercontrolstartstoptitle"/>

    <tocitem text="Servidor de Coherence: Notas" target="Coherenceserverconfignotestitle"/>

    <tocitem text="Inicio de un Servidor de Coherence Gestionado" target="Coherenceservercontroltitle"/>

    <tocitem text="Creación de una Configuración de Servidor de Coherence" target="Coherenceservercreatetitle"/>

    <tocitem text="Supresión de un Servidor de Coherence" target="Coherenceserverdeletetitle"/>

    <tocitem text="Servidores de Coherence: Configurar" target="Coherenceserversconfigtabletitle"/>

    <tocitem text="Servidores de Coherence: Control" target="Coherenceserverscontroltabletitle"/>

    <tocitem text="Inicio de un Servidor de Coherence" target="Coherenceserverscontroltitle"/>
  </tocitem>

  <tocitem text="Archivos de Coherence" target="blank">
    <tocitem text="Archivo de Coherence: Visión General" target="Coherencecoherencegaroverviewtitle"/>

    <tocitem text="Archivo de Coherence: Configuración" target="Coherencecoherencegarconfigurationtitle"/>

    <tocitem text="Archivo de Coherence: Destinos" target="Coherencecoherencegartargetstitle"/>

    <tocitem text="Archivo de Coherence: Control" target="Coherencecoherencegarcontroltitle"/>

    <tocitem text="Archivo de Coherence: Notas" target="Coherencecoherencegarnotestitle"/>
  </tocitem>

  <tocitem text="Servidor: Configuración: Coherence" target="Coherencewlsserverconfigtitle"/>

  <tocitem text="Cluster: Configuración: Coherence" target="Coherencewlsclusterconfigtitle"/>

  </tocitem>
  </tocitem>
</toc>
