<?xml version = '1.0' encoding="UTF-8"?>
<!DOCTYPE toc PUBLIC "-//Sun Microsystems Inc.//DTD JavaHelp TOC Version 2.0//EN" "http://java.sun.com/products/javahelp/toc_2_0.dtd">
<toc xml:lang="ja" version="2.0" categoryclosedimage="chapter" topicimage="topic">
  <tocitem text="Coherenceの拡張機能" target="intro">
    <tocitem text="操作手順" target="blank">
    
  <tocitem text="Coherenceクラスタ" target="blank">
    <tocitem text="Coherenceデプロイメント層の構成とデプロイ" target="coherence.ConfigureCoherenceClusterTiers"/>

    <tocitem text="単一サーバー・クラスタへのCoherenceの構成とデプロイ" target="coherence.ConfigureCoherenceSingleServer"/>

    <tocitem text="Coherenceクラスタの作成" target="coherence.CreateCoherenceClusters"/>

    <tocitem text="カスタム・クラスタ構成のインポート" target="coherence.ImportExternalConfiguration"/>

    <tocitem text="Coherenceクラスタの構成" target="coherence.ConfigureCoherenceClusters"/>

    <tocitem text="カスタム・クラスタ構成の削除" target="coherence.RemoveExternalConfigurations"/>

    <tocitem text="Coherenceクラスタのターゲット設定" target="coherence.TargetCoherenceClusters"/>

    <tocitem text="クラスタ・キャッシュ構成の作成" target="coherence.CreateClusterCacheConfigurations"/>

    <tocitem text="アドレス・プロバイダの構成" target="coherence.ConfigureAddressProviders"/>

    <tocitem text="ウェル・ノウン・アドレスの構成" target="coherence.ConfigureWellKnownAddresses"/>

    <tocitem text="Coherenceロギングの構成" target="coherence.ConfigureCoherenceLogging"/>

    <tocitem text="Coherenceクラスタの削除" target="coherence.DeleteCoherenceClusters"/>

    <tocitem text="安全なCoherenceサービス構成" target="coherence.SecureCoherenceService"/>

    <tocitem text="安全なCoherenceキャッシュ" target="coherence.SecureCoherenceCache"/>

    <tocitem text="Coherenceグリッド・アーカイブ(GAR)の構成" target="coherence.ConfigureCoherenceArchive"/>
    
    <tocitem text="フェデレーションの構成" target="coherence.ConfigureFederation"/>
    
    <tocitem text="永続性の構成" target="coherence.ConfigurePersistence"/>
  </tocitem>

  <tocitem text="Coherenceサーバー" target="blank">
    <tocitem text="Coherenceサーバーの作成" target="coherence.CreateCoherenceServers"/>

    <tocitem text="Coherenceサーバーのクローンの作成" target="coherence.CloneCoherenceServers"/>

    <tocitem text="Coherenceサーバーの削除" target="coherence.DeleteCoherenceServers"/>

    <tocitem text="Coherenceサーバーの構成" target="coherence.ConfigureCoherenceServers"/>

    <tocitem text="Coherenceサーバーの起動引数の構成" target="coherence.ConfigureStartupArgumentsForCoherenceServers"/>

    <tocitem text="管理コンソールからのCoherenceサーバーの起動" target="coherence.StartCoherenceServers"/>

    <tocitem text="Coherenceサーバーの停止" target="coherence.ShutdownCoherenceServers"/>
  </tocitem>

  </tocitem>

    <tocitem text="Coherenceのリファレンス" target="blank">
      
  <tocitem text="Coherenceクラスタ" target="blank">
    <tocitem text="Coherenceクラスタ: 構成: 全般" target="Coherenceconfigcoherenceclustergeneraltitle"/>

    <tocitem text="Coherenceクラスタ: 構成: フェデレーション" target="Coherencefederationtitle"/>

    <tocitem text="Coherenceクラスタ: 構成: 永続性" target="Coherenceconfigcoherenceclusterpersistencetitle"/>

    <tocitem text="Coherenceクラスタ: 構成: キャッシュ構成" target="Coherencecoherencecacheconfigstitle"/>

    <tocitem text="キャッシュ構成: 構成" target="Coherencecacheconfigconfigurationtitle"/>

    <tocitem text="キャッシュ構成: ターゲット" target="Coherencecacheconfigtargetstitle"/>

    <tocitem text="キャッシュ構成の作成" target="Coherencecoherencecreatecacheconfigtitle"/>

    <tocitem text="キャッシュ構成の削除" target="Coherencecoherencedeletecacheconfigtitle"/>

    <tocitem text="Coherenceキャッシュ" target="CoherenceCachestitle"/>

    <tocitem text="Coherenceキャッシュ構成の保護" target="CoherenceCacheCreatetitle"/>

    <tocitem text="Coherenceキャッシュ構成の削除" target="CoherenceCacheDeletetitle"/>

    <tocitem text="Coherenceクラスタ: Coherenceキャッシュ: セキュリティ・ロール" target="CoherenceCacheRolestitle"/>

    <tocitem text="Coherenceキャッシュ・スコープ指定ロール条件の編集" target="CoherenceCacheRoleEdittitle"/>

    <tocitem text="Coherenceキャッシュ・スコープ指定ロールの作成" target="CoherenceCacheRoleCreatetitle"/>

    <tocitem text="Coherenceキャッシュ・スコープ指定ロールの削除" target="CoherenceCacheRoleDeletetitle"/>

    <tocitem text="Coherenceクラスタ: Coherenceキャッシュ: セキュリティ・ポリシー" target="CoherenceCachePoliciestitle"/>

    <tocitem text="Coherenceクラスタ構成の作成" target="Coherencecoherencecreatecoherenceclustertitle"/>

    <tocitem text="ウェル・ノウン・アドレスの作成" target="Coherencecoherencecreatecoherenceclusterwellknownaddresstitle"/>

    <tocitem text="Coherenceクラスタ: 構成: ウェル・ノウン・アドレス" target="Coherenceconfigcoherenceclusterwellknownaddresstitle"/>

    <tocitem text="Coherenceクラスタ: 構成: ウェル・ノウン・アドレス" target="Coherenceconfigcoherenceclusterwellknownaddressestitle"/>

    <tocitem text="ウェル・ノウン・アドレスの削除" target="Coherencecoherencedeletecoherenceclusterwellknownaddresstitle"/>

    <tocitem text="アドレス・プロバイダの作成" target="Coherencecoherencecreatecoherenceaddressprovidertitle"/>

    <tocitem text="Coherenceクラスタ: 構成: アドレス・プロバイダ・アドレス" target="Coherenceconfigaddressprovidertitle"/>

    <tocitem text="Coherenceクラスタ: 構成: アドレス・プロバイダ" target="Coherenceconfigcoherenceaddressproviderstitle"/>

    <tocitem text="アドレス・プロバイダの削除" target="Coherencecoherencedeletecoherenceaddressprovidertitle"/>

    <tocitem text="Coherenceクラスタ: 構成: ロギング" target="Coherenceconfigcoherenceclusterloggingtitle"/>

    <tocitem text="Coherenceクラスタ: メンバー" target="Coherenceconfigcoherenceclustertargetstitle"/>

    <tocitem text="ソケット・アドレスの作成" target="Coherencecoherencecreatecoherencesocketaddresstitle"/>

    <tocitem text="Coherenceクラスタ: 構成: ソケット・アドレス" target="Coherenceconfigsocketaddresstitle"/>

    <tocitem text="ソケット・アドレスの削除" target="Coherencecoherencedeletecoherencesocketaddresstitle"/>

    <tocitem text="Coherenceクラスタ: セキュリティ: 全般" target="CoherenceClusterSecurityGeneraltitle"/>

    <tocitem text="Coherenceサービス" target="CoherenceServicestitle"/>

    <tocitem text="Coherenceサービス構成の作成" target="CoherenceServiceCreatetitle"/>

    <tocitem text="Coherenceサービス構成の削除" target="CoherenceServiceDeletetitle"/>

    <tocitem text="Coherenceクラスタ: Coherenceサービス: セキュリティ・ロール" target="CoherenceServiceRolestitle"/>

    <tocitem text="Coherenceサービス・スコープ指定ロール条件の編集" target="CoherenceServiceRoleEdittitle"/>

    <tocitem text="Coherenceサービス・スコープ指定ロールの作成" target="CoherenceServiceRoleCreatetitle"/>

    <tocitem text="Coherenceサービス・スコープ指定ロールの削除" target="CoherenceServiceRoleDeletetitle"/>

    <tocitem text="Coherenceクラスタ: Coherenceサービス: セキュリティ・ポリシー" target="CoherenceServicePoliciestitle"/>

    <tocitem text="Coherenceクラスタの削除" target="Coherencecoherencedeletecoherenceclustertitle"/>

    <tocitem text="Coherenceクラスタ" target="Coherenceglobalclusterstabletitle"/>

    <tocitem text="Coherenceクラスタ: メモ" target="Coherenceconfigcoherenceclusternotestitle"/>
  </tocitem>

  <tocitem text="Coherenceサーバー" target="blank">
    <tocitem text="Coherenceサーバー: 構成: 全般" target="Coherenceserverconfiggeneraltitle"/>

    <tocitem text="Coherenceサーバー: 構成: サーバーの起動" target="Coherenceserverconfigstartuptitle"/>

    <tocitem text="Coherenceサーバー: 制御" target="Coherenceservercontrolstartstoptitle"/>

    <tocitem text="Coherenceサーバー: メモ" target="Coherenceserverconfignotestitle"/>

    <tocitem text="管理対象Coherenceサーバーの起動" target="Coherenceservercontroltitle"/>

    <tocitem text="Coherenceサーバー構成の作成" target="Coherenceservercreatetitle"/>

    <tocitem text="Coherenceサーバーの削除" target="Coherenceserverdeletetitle"/>

    <tocitem text="Coherenceサーバー: 構成" target="Coherenceserversconfigtabletitle"/>

    <tocitem text="Coherenceサーバー: 制御" target="Coherenceserverscontroltabletitle"/>

    <tocitem text="Coherenceサーバーの起動" target="Coherenceserverscontroltitle"/>
  </tocitem>

  <tocitem text="Coherenceアーカイブ" target="blank">
    <tocitem text="Coherenceアーカイブ: 概要" target="Coherencecoherencegaroverviewtitle"/>

    <tocitem text="Coherenceアーカイブ: 構成" target="Coherencecoherencegarconfigurationtitle"/>

    <tocitem text="Coherenceアーカイブ: ターゲット" target="Coherencecoherencegartargetstitle"/>

    <tocitem text="Coherenceアーカイブ: 制御" target="Coherencecoherencegarcontroltitle"/>

    <tocitem text="Coherenceアーカイブ: メモ" target="Coherencecoherencegarnotestitle"/>
  </tocitem>

  <tocitem text="サーバー: 構成: Coherence" target="Coherencewlsserverconfigtitle"/>

  <tocitem text="クラスタ: 構成: Coherence" target="Coherencewlsclusterconfigtitle"/>

  </tocitem>
  </tocitem>
</toc>
