{
    "copyright": "Copyright (c) 2017, 2019, Oracle and/or its affiliates. All rights reserved.",
    "license": "The Universal Permissive License (UPL), Version 1.0",
    "name": "WLS",
    "description": "WLS type domain definitions",
    "versions": {
        "10.3.6": "WLS_11G",
        "12.1.1": "WLS_11G",
        "12.1.2": "WLS_12CR1",
        "12.1.3": "WLS_12CR1",
        "12.2.1": "WLS_12CR2",
        "12.2.1.3": "WLS_12CR2",
        "12.2.1.4": "WLS_12CR2"
    },
    "definitions": {
        "WLS_11G": {
            "baseTemplate": "@@WL_HOME@@/common/templates/domains/wls.jar",
            "extensionTemplates": [ ],
            "customExtensionTemplates": [ ],
            "serverGroupsToTarget": [ ],
            "rcuSchemas": [ ]
        },
        "WLS_12CR1": {
            "baseTemplate": "@@WL_HOME@@/common/templates/wls/wls.jar",
            "extensionTemplates": [ ],
            "customExtensionTemplates": [ ],
            "serverGroupsToTarget": [ ],
            "rcuSchemas": [ ]
        },
        "WLS_12CR2": {
            "baseTemplate": "Basic WebLogic Server Domain",
            "extensionTemplates": [ ],
            "customExtensionTemplates": [ ],
            "serverGroupsToTarget": [ ],
            "rcuSchemas": [ ]
        }
    }
}
