<?xml version="1.0" encoding="UTF-8"?>
<nod:nodeManagerInfo xmlns:nod="http://xmlns.oracle.com/cie/nodemanager">
  <nod:userName>weblogic</nod:userName>
  <nod:password>{AES256}gHZhez6+Ug8pqxR/dmBRINdgyYL+gnA2rzTzZcAd9GM=</nod:password>
  <nod:nodeManagerHome>/Users/tmoreau/op/poc2/weblogic-kubernetes-operator/kubernetes/examples-poc/domain-definitions/wdt/discover/old-domain/nodemanager</nod:nodeManagerHome>
  <nod:perDomainNodeManager>true</nod:perDomainNodeManager>
  <nod:customLocationNodeManager>false</nod:customLocationNodeManager>
  <nod:manualNodeManagerSetup>false</nod:manualNodeManagerSetup>
</nod:nodeManagerInfo>
