<?xml version="1.0" encoding="UTF-8"?>
<NMProperties xmlns="http://xmlns.oracle.com/cie/nodemanager/properties">
  <propertiesVersion>12.2.1</propertiesVersion>
  <logFile>/Users/tmoreau/op/poc2/weblogic-kubernetes-operator/kubernetes/examples-poc/domain-definitions/wdt/discover/old-domain/nodemanager/nodemanager.log</logFile>
  <domainsFile>/Users/tmoreau/op/poc2/weblogic-kubernetes-operator/kubernetes/examples-poc/domain-definitions/wdt/discover/old-domain/nodemanager/nodemanager.domains</domainsFile>
  <nodeManagerHome>/Users/tmoreau/op/poc2/weblogic-kubernetes-operator/kubernetes/examples-poc/domain-definitions/wdt/discover/old-domain/nodemanager</nodeManagerHome>
  <javaHome>/Users/tmoreau/depot/dev/auto_download/jdk180191b12/jdk1.8.0_191.jdk/Contents/Home</javaHome>
  <startScriptName>startWebLogic.sh</startScriptName>
  <listenAddress>localhost</listenAddress>
  <listenPort>5556</listenPort>
</NMProperties>