<?xml version="1.0" encoding="UTF-8"?>
<securityInfo xmlns="http://www.bea.com/ns/weblogic/90/domain/security">
  <!--Core entries for ALL domain templates-->
  <user name="weblogic" password="????????" description="This user is the default administrator." isAdmin="true">
    <groupMemberOf ref="Administrators"/>
    <!--<groupMemberOf ref="PortalSystemAdministrators"/>-->
  </user>
  <user name="LCMUser" password="????????" description="This is the default service account for WebLogic Server Lifecycle Manager configuration updates.">
    <groupMemberOf ref="Administrators"/>
  </user>
  <group name="Administrators" description="Administrators can view and modify all resource attributes and start and stop servers.">
    <roleMemberOf ref="Admin"/>
  </group>
  <group name="Deployers" description="Deployers can view all resource attributes and deploy applications.">
    <roleMemberOf ref="Deployer"/>
  </group>
  <group name="Operators" description="Operators can view and modify all resource attributes and perform server lifecycle operations.">
    <roleMemberOf ref="Operator"/>
  </group>
  <group name="Monitors" description="Monitors can view and modify all resource attributes and perform operations not restricted by roles.">
    <roleMemberOf ref="Monitor"/>
  </group>
  <group name="AppTesters" description="AppTesters group.">
    <roleMemberOf ref="AppTester"/>
  </group>
  <group name="CrossDomainConnectors" description="CrossDomainConnectors can make inter-domain calls from foreign domains.">
    <roleMemberOf ref="CrossDomainConnector"/>
  </group>
  <group name="AdminChannelUsers" description="AdminChannelUsers can access the admin channel.">
    <roleMemberOf ref="AdminChannelUser"/>
  </group>
  <role name="Admin" iddType="admin" description="built-in admin role"></role>
  <role name="Deployer" iddType="admin" description="View the server configuration and deploy applications."></role>
  <role name="Operator" iddType="admin" description="Operators can view and modify all resource attributes and perform server lifecycle operations."></role>
  <role name="Monitor" iddType="admin" description="Monitors can view and modify all resource attributes and perform operations not restricted by roles."></role>
  <role name="AppTester" iddType="owner" description="AppTester role."></role>
  <role name="CrossDomainConnector" iddType="owner" description="CrossDomainConnectors can make inter-domain calls from foreign domains."></role>
  <role name="AdminChannelUser" iddType="owner" description="AdminChannelUsers can access the admin channel."></role>
  <group name="everyone" description="All users of all groups.">
    <roleMemberOf ref="Anonymous"/>
  </group>
  <group name="users" description="Everyone of all groups."/>
  <role name="Anonymous" description="built-in anonymous role"/>
  <role name="OracleSystemRole" description="Oracle application software system role."/>
  <group name="OracleSystemGroup" description="Oracle application software system group.">
    <roleMemberOf ref="OracleSystemRole"/>
  </group>
  <user name="OracleSystemUser" password="????????" description="Oracle application software system user.">
    <groupMemberOf ref="OracleSystemGroup"/>
  </user>
</securityInfo>