<?xml version="1.0" encoding="UTF-8"?><!DOCTYPE toc PUBLIC "-//Sun Microsystems Inc.//DTD JavaHelp TOC Version 2.0//EN" "http://java.sun.com/products/javahelp/toc_2_0.dtd">
<toc xml:lang="en-US" version="2.0" categoryclosedimage="chapter" topicimage="topic">
  <tocitem text="Coherence Extension" target="intro">
    <tocitem text="How Do I..." target="blank">
    
  <tocitem text="Coherence Clusters" target="blank">
    <tocitem text="Configure and deploy Coherence deployment tiers" target="coherence.ConfigureCoherenceClusterTiers"/>

    <tocitem text="Configure and deploy Coherence on a single-server cluster" target="coherence.ConfigureCoherenceSingleServer"/>

    <tocitem text="Create Coherence clusters" target="coherence.CreateCoherenceClusters"/>

    <tocitem text="Import a custom cluster configuration" target="coherence.ImportExternalConfiguration"/>

    <tocitem text="Configure Coherence clusters" target="coherence.ConfigureCoherenceClusters"/>

    <tocitem text="Remove a custom cluster configuration" target="coherence.RemoveExternalConfigurations"/>

    <tocitem text="Target Coherence clusters" target="coherence.TargetCoherenceClusters"/>

    <tocitem text="Create cluster cache configurations" target="coherence.CreateClusterCacheConfigurations"/>

    <tocitem text="Configure address providers" target="coherence.ConfigureAddressProviders"/>

    <tocitem text="Configure well known addresses" target="coherence.ConfigureWellKnownAddresses"/>

    <tocitem text="Configure Coherence logging" target="coherence.ConfigureCoherenceLogging"/>

    <tocitem text="Delete Coherence clusters" target="coherence.DeleteCoherenceClusters"/>

    <tocitem text="Secure Coherence service configurations" target="coherence.SecureCoherenceService"/>

    <tocitem text="Secure Coherence caches" target="coherence.SecureCoherenceCache"/>

    <tocitem text="Configure Coherence Grid Archives (GARs)" target="coherence.ConfigureCoherenceArchive"/>
    
    <tocitem text="Configure Federation" target="coherence.ConfigureFederation"/>
    
    <tocitem text="Configure Persistence" target="coherence.ConfigurePersistence"/>
  </tocitem>

  <tocitem text="Coherence Servers" target="blank">
    <tocitem text="Create Coherence servers" target="coherence.CreateCoherenceServers"/>

    <tocitem text="Clone Coherence servers" target="coherence.CloneCoherenceServers"/>

    <tocitem text="Delete Coherence servers" target="coherence.DeleteCoherenceServers"/>

    <tocitem text="Configure Coherence servers" target="coherence.ConfigureCoherenceServers"/>

    <tocitem text="Configure startup arguments for Coherence servers" target="coherence.ConfigureStartupArgumentsForCoherenceServers"/>

    <tocitem text="Start Coherence servers from the Administration Console" target="coherence.StartCoherenceServers"/>

    <tocitem text="Shutdown Coherence servers" target="coherence.ShutdownCoherenceServers"/>
  </tocitem>

  </tocitem>

    <tocitem text="Coherence Reference" target="blank">
      
  <tocitem text="Coherence Clusters" target="blank">
    <tocitem text="Coherence Cluster: Configuration: General" target="Coherenceconfigcoherenceclustergeneraltitle"/>

    <tocitem text="Coherence Cluster: Configuration: Federation" target="Coherencefederationtitle"/>

    <tocitem text="Coherence Cluster: Configuration: Persistence" target="Coherenceconfigcoherenceclusterpersistencetitle"/>

    <tocitem text="Coherence Cluster: Configuration: Cache Configurations" target="Coherencecoherencecacheconfigstitle"/>

    <tocitem text="Cache Configuration: Configuration" target="Coherencecacheconfigconfigurationtitle"/>

    <tocitem text="Cache Configuration: Targets" target="Coherencecacheconfigtargetstitle"/>

    <tocitem text="Create a Cache Configuration" target="Coherencecoherencecreatecacheconfigtitle"/>

    <tocitem text="Delete a Cache Configuration" target="Coherencecoherencedeletecacheconfigtitle"/>

    <tocitem text="Coherence Caches" target="CoherenceCachestitle"/>

    <tocitem text="Secure a Coherence Cache Configuration" target="CoherenceCacheCreatetitle"/>

    <tocitem text="Delete Coherence Cache Configurations" target="CoherenceCacheDeletetitle"/>

    <tocitem text="Coherence Cluster: Coherence Cache: Security Roles" target="CoherenceCacheRolestitle"/>

    <tocitem text="Edit Coherence Cache Scoped Role Conditions" target="CoherenceCacheRoleEdittitle"/>

    <tocitem text="Create a Coherence Cache Scoped Role" target="CoherenceCacheRoleCreatetitle"/>

    <tocitem text="Delete Coherence Cache Scoped Roles" target="CoherenceCacheRoleDeletetitle"/>

    <tocitem text="Coherence Cluster: Coherence Cache: Security Policies" target="CoherenceCachePoliciestitle"/>

    <tocitem text="Create a Coherence Cluster configuration" target="Coherencecoherencecreatecoherenceclustertitle"/>

    <tocitem text="Create a Well Known Address" target="Coherencecoherencecreatecoherenceclusterwellknownaddresstitle"/>

    <tocitem text="Coherence Cluster: Configuration: Well Known Address" target="Coherenceconfigcoherenceclusterwellknownaddresstitle"/>

    <tocitem text="Coherence Cluster: Configuration: Well Known Addresses" target="Coherenceconfigcoherenceclusterwellknownaddressestitle"/>

    <tocitem text="Delete a Well Known Address" target="Coherencecoherencedeletecoherenceclusterwellknownaddresstitle"/>

    <tocitem text="Create an Address Provider" target="Coherencecoherencecreatecoherenceaddressprovidertitle"/>

    <tocitem text="Coherence Cluster: Configuration: Address Provider Address" target="Coherenceconfigaddressprovidertitle"/>

    <tocitem text="Coherence Cluster: Configuration: Address Providers" target="Coherenceconfigcoherenceaddressproviderstitle"/>

    <tocitem text="Delete an Address Provider" target="Coherencecoherencedeletecoherenceaddressprovidertitle"/>

    <tocitem text="Coherence Cluster: Configuration: Logging" target="Coherenceconfigcoherenceclusterloggingtitle"/>

    <tocitem text="Coherence Cluster: Members" target="Coherenceconfigcoherenceclustertargetstitle"/>

    <tocitem text="Create a Socket Address" target="Coherencecoherencecreatecoherencesocketaddresstitle"/>

    <tocitem text="Coherence Cluster: Configuration: Socket Address" target="Coherenceconfigsocketaddresstitle"/>

    <tocitem text="Delete a Socket Address" target="Coherencecoherencedeletecoherencesocketaddresstitle"/>

    <tocitem text="Coherence Cluster: Security: General" target="CoherenceClusterSecurityGeneraltitle"/>

    <tocitem text="Coherence Services" target="CoherenceServicestitle"/>

    <tocitem text="Create a Coherence Service Configuration" target="CoherenceServiceCreatetitle"/>

    <tocitem text="Delete Coherence Service Configurations" target="CoherenceServiceDeletetitle"/>

    <tocitem text="Coherence Cluster: Coherence Service: Security Roles" target="CoherenceServiceRolestitle"/>

    <tocitem text="Edit Coherence Service Scoped Role Conditions" target="CoherenceServiceRoleEdittitle"/>

    <tocitem text="Create a Coherence Service Scoped Role" target="CoherenceServiceRoleCreatetitle"/>

    <tocitem text="Delete Coherence Service Scoped Roles" target="CoherenceServiceRoleDeletetitle"/>

    <tocitem text="Coherence Cluster: Coherence Service: Security Policies" target="CoherenceServicePoliciestitle"/>

    <tocitem text="Delete a Coherence Cluster" target="Coherencecoherencedeletecoherenceclustertitle"/>

    <tocitem text="Coherence Clusters" target="Coherenceglobalclusterstabletitle"/>

    <tocitem text="Coherence Cluster: Notes" target="Coherenceconfigcoherenceclusternotestitle"/>
  </tocitem>

  <tocitem text="Coherence Servers" target="blank">
    <tocitem text="Coherence Server: Configuration: General" target="Coherenceserverconfiggeneraltitle"/>

    <tocitem text="Coherence Server: Configuration: Server Start" target="Coherenceserverconfigstartuptitle"/>

    <tocitem text="Coherence Server: Control" target="Coherenceservercontrolstartstoptitle"/>

    <tocitem text="Coherence Server: Notes" target="Coherenceserverconfignotestitle"/>

    <tocitem text="Start a Managed Coherence Server" target="Coherenceservercontroltitle"/>

    <tocitem text="Create a Coherence Server configuration" target="Coherenceservercreatetitle"/>

    <tocitem text="Delete a Coherence Server" target="Coherenceserverdeletetitle"/>

    <tocitem text="Coherence Servers: Configure" target="Coherenceserversconfigtabletitle"/>

    <tocitem text="Coherence Servers: Control" target="Coherenceserverscontroltabletitle"/>

    <tocitem text="Start a Coherence Server" target="Coherenceserverscontroltitle"/>
  </tocitem>

  <tocitem text="Coherence Archives" target="blank">
    <tocitem text="Coherence Archive: Overview" target="Coherencecoherencegaroverviewtitle"/>

    <tocitem text="Coherence Archive: Configuration" target="Coherencecoherencegarconfigurationtitle"/>

    <tocitem text="Coherence Archive: Targets" target="Coherencecoherencegartargetstitle"/>

    <tocitem text="Coherence Archive: Control" target="Coherencecoherencegarcontroltitle"/>

    <tocitem text="Coherence Archive: Notes" target="Coherencecoherencegarnotestitle"/>
  </tocitem>

  <tocitem text="Server: Configuration: Coherence" target="Coherencewlsserverconfigtitle"/>

  <tocitem text="Cluster: Configuration: Coherence" target="Coherencewlsclusterconfigtitle"/>

  </tocitem>
  </tocitem>
</toc>