<?xml version = '1.0' encoding="UTF-8"?>
<!DOCTYPE toc PUBLIC "-//Sun Microsystems Inc.//DTD JavaHelp TOC Version 2.0//EN" "http://java.sun.com/products/javahelp/toc_2_0.dtd">
<toc xml:lang="fr" version="2.0" categoryclosedimage="chapter" topicimage="topic">
  <tocitem text="Extension Coherence" target="intro">
    <tocitem text="Comment faire pour..." target="blank">
    
  <tocitem text="Clusters Coherence" target="blank">
    <tocitem text="Configurer et déployer des niveaux de déploiement Coherence" target="coherence.ConfigureCoherenceClusterTiers"/>

    <tocitem text="Configurer et déployer Coherence sur un cluster à serveur unique" target="coherence.ConfigureCoherenceSingleServer"/>

    <tocitem text="Créer des clusters Coherence" target="coherence.CreateCoherenceClusters"/>

    <tocitem text="Importer une configuration de cluster personnalisée" target="coherence.ImportExternalConfiguration"/>

    <tocitem text="Configurer des clusters Coherence" target="coherence.ConfigureCoherenceClusters"/>

    <tocitem text="Enlever une configuration de cluster personnalisée" target="coherence.RemoveExternalConfigurations"/>

    <tocitem text="Cibler des clusters Coherence" target="coherence.TargetCoherenceClusters"/>

    <tocitem text="Créer des configurations de cache de cluster" target="coherence.CreateClusterCacheConfigurations"/>

    <tocitem text="Configurer les fournisseurs d'adresses" target="coherence.ConfigureAddressProviders"/>

    <tocitem text="Configurer des adresses connues" target="coherence.ConfigureWellKnownAddresses"/>

    <tocitem text="Configurer la journalisation Coherence" target="coherence.ConfigureCoherenceLogging"/>

    <tocitem text="Supprimer des clusters Coherence" target="coherence.DeleteCoherenceClusters"/>

    <tocitem text="Sécuriser les configurations de service Coherence" target="coherence.SecureCoherenceService"/>

    <tocitem text="Sécuriser les caches Coherence" target="coherence.SecureCoherenceCache"/>

    <tocitem text="Configurer des archives de grille Coherence (GAR)" target="coherence.ConfigureCoherenceArchive"/>
    
    <tocitem text="Configurer la fédération" target="coherence.ConfigureFederation"/>
    
    <tocitem text="Configurer la persistance" target="coherence.ConfigurePersistence"/>
  </tocitem>

  <tocitem text="Serveurs Coherence" target="blank">
    <tocitem text="Créer des serveurs Coherence" target="coherence.CreateCoherenceServers"/>

    <tocitem text="Cloner des serveurs Coherence" target="coherence.CloneCoherenceServers"/>

    <tocitem text="Supprimer des serveurs Coherence" target="coherence.DeleteCoherenceServers"/>

    <tocitem text="Configurer des serveurs Coherence" target="coherence.ConfigureCoherenceServers"/>

    <tocitem text="Configurer les arguments de démarrage pour les serveurs Coherence" target="coherence.ConfigureStartupArgumentsForCoherenceServers"/>

    <tocitem text="Démarrer les serveurs Coherence à partir de la console d'administration" target="coherence.StartCoherenceServers"/>

    <tocitem text="Arrêter des serveurs Coherence" target="coherence.ShutdownCoherenceServers"/>
  </tocitem>

  </tocitem>

    <tocitem text="Référence Coherence" target="blank">
      
  <tocitem text="Clusters Coherence" target="blank">
    <tocitem text="Cluster Coherence : Configuration : Général" target="Coherenceconfigcoherenceclustergeneraltitle"/>

    <tocitem text="Cluster Coherence&amp;nbsp;: Configuration&amp;nbsp;: Fédération" target="Coherencefederationtitle"/>

    <tocitem text="Cluster Coherence : Configuration : Persistance" target="Coherenceconfigcoherenceclusterpersistencetitle"/>

    <tocitem text="Cluster Coherence : Configuration : Configurations de cache" target="Coherencecoherencecacheconfigstitle"/>

    <tocitem text="Configuration du cache : configuration" target="Coherencecacheconfigconfigurationtitle"/>

    <tocitem text="Configuration du cache : cibles" target="Coherencecacheconfigtargetstitle"/>

    <tocitem text="Créer une configuration de cache" target="Coherencecoherencecreatecacheconfigtitle"/>

    <tocitem text="Supprimer une configuration de cache" target="Coherencecoherencedeletecacheconfigtitle"/>

    <tocitem text="Caches Coherence" target="CoherenceCachestitle"/>

    <tocitem text="Sécuriser une configuration de cache Coherence" target="CoherenceCacheCreatetitle"/>

    <tocitem text="Supprimer les configurations de cache Coherence" target="CoherenceCacheDeletetitle"/>

    <tocitem text="Cluster Coherence : Cache Coherence : Rôles de sécurité" target="CoherenceCacheRolestitle"/>

    <tocitem text="Modifier les conditions de rôle de cache Coherence avec portée" target="CoherenceCacheRoleEdittitle"/>

    <tocitem text="Créer un rôle de cache Coherence avec portée" target="CoherenceCacheRoleCreatetitle"/>

    <tocitem text="Supprimer les rôles de cache Coherence avec portée" target="CoherenceCacheRoleDeletetitle"/>

    <tocitem text="Cluster Coherence : Cache Coherence : Stratégies de sécurité" target="CoherenceCachePoliciestitle"/>

    <tocitem text="Créer une configuration de cluster Coherence" target="Coherencecoherencecreatecoherenceclustertitle"/>

    <tocitem text="Créer une adresse connue" target="Coherencecoherencecreatecoherenceclusterwellknownaddresstitle"/>

    <tocitem text="Cluster Coherence : Configuration : Adresse connue" target="Coherenceconfigcoherenceclusterwellknownaddresstitle"/>

    <tocitem text="Cluster Coherence : Configuration : Adresses connues" target="Coherenceconfigcoherenceclusterwellknownaddressestitle"/>

    <tocitem text="Supprimer une adresse connue" target="Coherencecoherencedeletecoherenceclusterwellknownaddresstitle"/>

    <tocitem text="Créer un fournisseur d'adresse" target="Coherencecoherencecreatecoherenceaddressprovidertitle"/>

    <tocitem text="Cluster Coherence : Configuration : Fournisseur d'adresse" target="Coherenceconfigaddressprovidertitle"/>

    <tocitem text="Cluster Coherence : Configuration : Fournisseurs d'adresse" target="Coherenceconfigcoherenceaddressproviderstitle"/>

    <tocitem text="Supprimer un fournisseur d'adresse" target="Coherencecoherencedeletecoherenceaddressprovidertitle"/>

    <tocitem text="Cluster Coherence : Configuration : Journalisation" target="Coherenceconfigcoherenceclusterloggingtitle"/>

    <tocitem text="Cluster Coherence : membres" target="Coherenceconfigcoherenceclustertargetstitle"/>

    <tocitem text="Créer une adresse de socket" target="Coherencecoherencecreatecoherencesocketaddresstitle"/>

    <tocitem text="Cluster Coherence&amp;nbsp;: Configuration&amp;nbsp;: Adresse de socket" target="Coherenceconfigsocketaddresstitle"/>

    <tocitem text="Supprimer une adresse de socket" target="Coherencecoherencedeletecoherencesocketaddresstitle"/>

    <tocitem text="Cluster Coherence : Sécurité : Général" target="CoherenceClusterSecurityGeneraltitle"/>

    <tocitem text="Services Coherence" target="CoherenceServicestitle"/>

    <tocitem text="Créer une configuration de service Coherence" target="CoherenceServiceCreatetitle"/>

    <tocitem text="Supprimer les configurations de service Coherence" target="CoherenceServiceDeletetitle"/>

    <tocitem text="Cluster Coherence : Service Coherence : Rôles de sécurité" target="CoherenceServiceRolestitle"/>

    <tocitem text="Modifier les conditions de rôle avec portée du service Coherence" target="CoherenceServiceRoleEdittitle"/>

    <tocitem text="Créer un rôle avec portée de service Coherence" target="CoherenceServiceRoleCreatetitle"/>

    <tocitem text="Supprimer des rôles pour un service Coherence" target="CoherenceServiceRoleDeletetitle"/>

    <tocitem text="Cluster Coherence : Service Coherence : Stratégies de sécurité" target="CoherenceServicePoliciestitle"/>

    <tocitem text="Supprimer un cluster Coherence" target="Coherencecoherencedeletecoherenceclustertitle"/>

    <tocitem text="Clusters Coherence" target="Coherenceglobalclusterstabletitle"/>

    <tocitem text="Cluster Coherence : Remarques" target="Coherenceconfigcoherenceclusternotestitle"/>
  </tocitem>

  <tocitem text="Serveurs Coherence" target="blank">
    <tocitem text="Serveur Coherence : Configuration : Généralités" target="Coherenceserverconfiggeneraltitle"/>

    <tocitem text="Serveur Coherence : Configuration : Démarrage du serveur" target="Coherenceserverconfigstartuptitle"/>

    <tocitem text="Serveur Coherence : Contrôle" target="Coherenceservercontrolstartstoptitle"/>

    <tocitem text="Serveur Coherence : Remarques" target="Coherenceserverconfignotestitle"/>

    <tocitem text="Démarrer un serveur Coherence géré" target="Coherenceservercontroltitle"/>

    <tocitem text="Créer une configuration de serveur Coherence" target="Coherenceservercreatetitle"/>

    <tocitem text="Supprimer un serveur Coherence" target="Coherenceserverdeletetitle"/>

    <tocitem text="Serveurs Coherence : Configurer" target="Coherenceserversconfigtabletitle"/>

    <tocitem text="Serveurs Coherence : Contrôle" target="Coherenceserverscontroltabletitle"/>

    <tocitem text="Démarrer un serveur Coherence" target="Coherenceserverscontroltitle"/>
  </tocitem>

  <tocitem text="Archives Coherence" target="blank">
    <tocitem text="Archive Coherence : Aperçu" target="Coherencecoherencegaroverviewtitle"/>

    <tocitem text="Archive Coherence : Configuration" target="Coherencecoherencegarconfigurationtitle"/>

    <tocitem text="Archive Coherence : Cibles" target="Coherencecoherencegartargetstitle"/>

    <tocitem text="Archive Coherence : Contrôle" target="Coherencecoherencegarcontroltitle"/>

    <tocitem text="Archive Coherence : Remarques" target="Coherencecoherencegarnotestitle"/>
  </tocitem>

  <tocitem text="Serveur : Configuration : Coherence" target="Coherencewlsserverconfigtitle"/>

  <tocitem text="Cluster : Configuration : Coherence" target="Coherencewlsclusterconfigtitle"/>

  </tocitem>
  </tocitem>
</toc>
